,Intercept
0,12.5159020526
1,12.624318582
2,12.6408988786
3,12.666205975
4,12.6963239651
5,12.7599645538
6,12.8279322449
7,12.9083578897
8,12.9763049737
9,12.9738721446
10,13.0201739903
11,12.9949718257
12,13.0152923404
13,13.047871278
14,13.047871278
15,13.0633748285
16,13.1132740049
17,13.155961475
18,13.2136448969
19,13.2898422124
20,13.3456101092
21,13.2948268378
22,13.2973198516
23,13.3397726818
24,13.3673143556
25,13.3924015819
26,13.4502810266
27,13.5320710308
28,13.5583148339
29,13.6962900926
30,13.8373990138
31,14.0482804445
32,13.9651159184
33,13.9433124632
34,13.9337297303
35,13.9093670268
36,13.8521090636
37,13.7976736243
38,13.703996423
39,13.6143583929
40,13.5761218053
41,13.5829115635
42,13.6109552287
43,13.6902992762
44,13.7168499438
45,13.6860217261
46,13.7194220942
47,13.6646540151
48,13.6920106706
49,13.7099932331
50,13.7108501345
51,13.7451701419
52,13.8227045852
53,13.92067298
54,13.9747202367
55,14.0210882521
56,14.0351163532
57,14.0175834182
58,14.0307310646
59,14.0596993107
60,14.1328235027
61,14.1806023635
62,14.2240970255
63,14.2169867547
64,14.2561372756
65,14.2971826447
66,14.3949147233
67,14.5350431107
68,14.5823588473
69,14.6371453534
70,14.7491801767
71,14.8212579769
72,14.8129233637
73,14.8240372234
74,14.7593237245
75,14.7648595088
76,14.8983430192
77,15.022701645
78,15.128229473
79,15.2802707069
80,15.4251608868
81,15.44928154
82,15.4792435393
83,15.4918255355
84,15.4947305251
85,15.4811785657
86,15.5238103987
87,15.6279737889
88,15.6866887122
89,15.8057690004
90,15.8701105423
91,15.8969139628
92,15.8879744632
93,15.8225715548
94,15.8810249947
95,15.9088411204
96,15.9785947752
97,15.9596314556
98,15.8998949137
99,15.8512759712
100,16.1442266051
101,16.2332644811
102,16.2180529272
103,16.2281923785
104,16.2515371801
105,16.2800022698
106,16.3013838014
107,16.3176933386
108,16.3258542253
109,16.3278950846
110,16.2515371801
111,16.1775584341
112,16.1856492358
113,16.2261639812
114,16.2800022698
115,16.3044405974
116,16.3238136211
117,16.2789848015
118,16.2667801402
119,16.2109590809
120,16.1805920107
121,16.189696154
122,16.207919811
123,16.2099459276
124,16.171492987
125,16.1775584341
126,16.1674506191
127,16.0276042291
128,16.0386269957
129,15.9466695215
130,15.856230269
131,15.6710098643
132,15.636766997
133,15.580186331
134,15.5529448482
135,15.4869850963
136,15.5354576236
137,15.5238103987
138,15.498604692
139,15.5519728195
140,15.6113778848
141,15.656325177
142,15.6749281065
143,15.6543682587
144,15.636766997
145,15.6847279987
146,15.6700304567
147,15.6670926015
148,15.6915915685
149,15.832463753
150,15.9078468489
151,15.9736022444
152,15.9148080546
153,15.8919469533
154,15.936705967
155,15.9855869398
156,16.0727453159
157,16.1512912495
158,16.2556005723
159,16.3044405974
160,16.3503613824
161,16.3749053279
162,16.3585386073
163,16.3452526928
164,16.3329983492
165,16.3340191935
166,16.3278950846
167,16.3626287532
168,16.4425913187
169,16.4930239402
170,16.5198468918
171,16.5084934003
172,16.5705164711
173,16.6338121459
174,16.7349609295
175,16.8335682001
176,16.8241019807
177,16.80938733
178,16.7873394812
179,16.7077887014
180,16.6514949636
181,16.6525357146
182,16.6400509951
183,16.6587815865
184,16.7245048467
185,16.7600822071
186,16.7600822071
187,16.7098773055
188,16.7025683331
189,16.6078421088
190,16.6119945883
191,16.6161481061
192,16.5922795529
193,16.5736237342
194,16.5477476681
195,16.5663743598
196,16.5394758624
197,16.5405096119
198,16.595390897
199,16.6921324894
200,16.4076879102
201,16.3800232854
202,16.4600708564
203,16.5301750233
204,16.4971477116
205,16.3851428426
206,16.3187132263
207,16.2495058649
208,16.2018429806
209,16.2058939477
210,16.3156537544
211,16.32891561
212,16.2556005723
213,16.2281923785
214,16.1805920107
215,16.1512912495
216,16.1401910529
217,16.0677233677
218,15.9925821642
219,15.9706074748
220,16.0506604779
221,16.1149916965
222,16.113984541
223,16.1180135407
224,16.2180529272
225,16.2525529329
226,16.2820373973
227,16.2840727792
228,16.2393530968
229,16.1957684285
230,16.1401910529
231,16.1301065852
232,16.0757592382
233,16.0667191664
234,16.0787737256
235,16.0978786107
236,16.0286059857
237,16.0436398498
238,16.0998909713
239,16.0797786804
240,16.0316116311
241,15.9576366263
242,15.9108298499
243,15.9676132666
244,16.2800022698
245,16.2840727792
246,16.2616975656
247,16.2779673967
248,16.2170393305
249,16.1725037369
250,16.1321229745
251,16.091843038
252,16.1210359516
253,16.0958665017
254,16.049657343
255,16.0025806523
256,15.9416869659
257,15.8582124217
258,15.7712316697
259,15.6514333398
260,15.5870041538
261,15.5587782962
262,15.6299274077
263,15.6876691609
264,15.6475209705
265,15.5986987919
266,15.498604692
267,15.3530246465
268,15.244023125
269,15.1623063114
270,15.1263385625
271,15.1036660633
272,15.0829127936
273,15.0753732222
274,15.0161306505
275,14.9113847742
276,14.8268169909
277,14.7399648192
278,14.6261716101
279,14.5823588473
280,14.6088133398
281,14.687547119
282,14.721551374
283,14.7123532791
284,14.6710329195
285,14.6591175465
286,14.6243434529
287,14.6088133398
288,14.5896518498
289,14.6371453534
290,14.66003377
291,14.7059180323
292,14.7178714461
293,14.7399648192
294,14.7584012956
295,14.7114337857
296,14.7372013349
297,14.7316759204
298,14.782403194
299,14.783327123
300,14.7860992568
301,14.7418074299
302,14.6948927288
303,14.5969484997
304,14.6106395556
305,14.6811227226
306,14.7040799074
307,14.7187913418
308,14.7722437845
309,14.7750138399
310,14.7160318272
311,14.7344383686
312,14.82311075
313,14.9365689792
314,15.0320937682
315,15.1253931959
316,15.2564139269
317,15.4097434359
318,15.4937621347
319,15.5257509963
320,15.4811785657
321,15.4145597333
322,15.4155231734
323,15.4483159901
324,15.3962658077
325,15.4724728515
326,15.4918255355
327,15.5782389294
328,15.5831078898
329,15.6074755282
330,15.7043461675
331,15.7397207278
332,15.832463753
333,15.9068526396
334,15.9586340098
335,16.0045810999
336,16.0045810999
337,16.0215950043
338,15.9805922244
339,15.9925821642
340,16.0596915142
341,16.1381736551
342,16.2688136148
343,16.2616975656
344,16.0416345202
345,16.0466483143
346,16.1159989149
347,16.1311147483
348,16.1391823224
349,16.0978786107
350,16.0928488096
351,16.0777688337
352,16.0878205801
353,16.0637069389
354,16.1341396159
355,16.1039164472
356,16.0526669359
357,16.0737498939
358,16.0717408007
359,16.1472539313
360,16.1866608705
361,16.1846376643
362,16.129098485
363,16.1250667144
364,16.2515371801
365,16.3892396404
366,16.6234192614
367,16.7318234184
368,16.80938733
369,16.830412202
370,16.7873394812
371,16.7485636106
372,16.747516858
373,16.7098773055
374,16.6931757803
375,16.6817031661
376,16.6796180836
377,16.7360068972
378,16.8841447316
379,16.8904774732
380,16.7579873278
381,16.6379711188
382,16.5487819347
383,16.490962441
384,16.4549278878
385,16.4302639986
386,16.4241038047
387,16.3616061208
388,16.7370529303
389,16.6848312787
390,16.6254973187
391,16.5167497109
392,16.4580134761
393,16.4169198309
394,16.3841188032
395,16.4066624617
396,16.3800232854
397,16.3677428737
398,16.2596649805
399,16.1280904479
400,16.0677233677
401,16.0296078049
402,15.9915826591
403,15.9456728858
404,15.9736022444
405,15.9347140033
406,15.9586340098
407,15.9646196198
408,15.897907551
409,15.8374121711
410,15.7998429483
411,15.7939191179
412,15.7702459985
413,15.7328361061
414,15.7899711317
415,15.768274841
416,15.6055247157
417,15.5257509963
418,15.5306035516
419,15.5451703196
420,15.5636411742
421,15.5451703196
422,15.5034487628
423,15.4030031477
424,15.3616631523
425,15.2602285071
426,15.1708375078
427,15.0546588285
428,15.0386717481
429,14.974893019
430,14.9459072528
431,15.0358522615
432,15.0095625302
433,14.9627308599
434,14.8750825352
435,14.8881039284
436,14.9440391311
437,14.9617957185
438,15.0142537515
439,15.0039349995
440,15.0058106086
441,14.974893019
442,14.8927571879
443,14.8704347981
444,14.8064441271
445,14.8119975849
446,14.7860992568
447,14.811071864
448,14.8212579769
449,14.8946188989
450,14.9263036172
451,14.9169775921
452,14.8899650577
453,14.9608606355
454,14.9365689792
455,15.0640709312
456,15.1689412717
457,15.239260112
458,15.3166044791
459,15.3808772375
460,15.4001153554
461,15.4502471503
462,15.4927938048
463,15.4444543938
464,15.3703065185
465,15.2716779715
466,15.1197222368
467,15.144311759
468,15.1547270532
469,15.1784248233
470,15.1793735045
471,15.2211742313
472,15.186965089
473,15.1879143039
474,15.2183205286
475,15.2050103222
476,15.2316423866
477,15.2040600388
478,15.1027221136
479,15.1291750169
480,15.128229473
481,15.0857411049
482,15.0885699465
483,15.1357954791
484,15.1879143039
485,15.2402125955
486,15.288868277
487,15.3108618292
488,15.0151921717
489,15.1187772837
490,15.2506938442
491,15.4405937628
492,15.4753742121
493,15.4695720348
494,15.4454197024
495,15.4261249895
496,15.3943413948
497,15.4049286435
498,15.499573385
499,15.5558612988
500,15.5753182835
501,15.7338194391
502,15.8037934028
503,15.827516881
504,15.7801054831
505,15.7860241323
506,15.7367698068
507,15.8473136476
508,16.0075822402
509,16.1836261561
510,16.3125948561
511,16.3432096639
512,16.3564939177
513,16.3656970337
514,16.235293766
515,16.1512912495
516,16.1543199005
517,16.1149916965
518,16.0376246128
519,16.0105839432
520,15.9516536345
521,15.9197822093
522,15.8929402311
523,15.8651519075
524,15.8097209367
525,15.8532575046
526,15.9018825247
527,15.9815910426
528,15.9486629798
529,15.9795934686
530,15.884002966
531,15.7357862895
532,15.671989333
533,15.5947996046
534,15.6289505677
535,15.5539169376
536,15.5044177586
537,15.4502471503
538,15.4348046257
539,15.3683853503
540,15.2879127526
541,15.2573674825
542,15.1812710447
543,15.1471515837
544,15.1528328307
545,15.0706629041
546,15.0142537515
547,14.9225725077
548,14.942171243
549,14.8212579769
550,14.7879476347
551,14.7151121039
552,14.7068371809
553,14.6582013803
554,14.605161593
555,14.5259615471
556,14.4589340954
557,14.3823246819
558,14.3526917068
559,14.2561372756
560,14.1930158207
561,14.2748607403
562,14.2543553698
563,14.2507922263
564,14.2409981738
565,14.1947900586
566,14.124876025
567,14.0368708524
568,14.0053233972
569,13.9677346231
570,14.1010603968
571,14.2063280121
572,14.2793223314
573,14.3302831372
574,14.359869847
575,14.4426769409
576,14.4869754365
577,14.584181756
578,14.638975111
579,14.7206313058
580,14.9319020307
581,15.0490143898
582,15.1736823066
583,15.2487876266
584,15.311818788
585,15.3051213324
586,15.2926909719
587,15.3808772375
588,15.3635834802
589,15.3559036086
590,15.2850465377
591,15.1812710447
592,15.1679932425
593,15.2135655465
594,15.2936467949
595,15.3357622058
596,15.4049286435
597,15.5189599659
598,15.4918255355
599,15.5121719059
600,15.5441987768
601,15.4386638092
602,15.4068543799
603,15.4299820028
604,15.4647385488
605,15.5276918364
606,15.7397207278
607,15.7613777296
608,15.7249716544
609,15.7190758955
610,15.7870107896
611,15.8008304693
612,15.8403819642
613,15.8641603665
614,15.9347140033
615,15.9915826591
616,16.0155880326
617,16.0235978289
618,16.0757592382
619,16.0346178401
620,16.0155880326
621,16.0767640045
622,16.0928488096
623,16.1301065852
624,16.2363085035
625,16.3064787799
626,16.2342790918
627,16.1745254262
628,16.1998178768
629,16.1988054198
630,16.3564939177
631,16.4641863885
632,16.5736237342
633,16.6421311315
634,16.6151096293
635,16.6171866479
636,16.5933166028
637,16.5477476681
638,16.6068041511
639,16.7004806426
640,16.8367247901
641,17.0378527306
642,17.2026337999
643,17.3549019564
644,17.3223920029
645,17.4113971427
646,17.3983434906
647,17.3755231439
648,17.3939944484
649,17.3907333802
650,17.3104869512
651,17.5260351811
652,17.6833761909
653,17.7697931199
654,17.8934996706
655,17.9674628008
656,18.0360944988
657,18.1276337404
658,18.1741453694
659,18.2812327346
660,18.3820565259
661,18.3361587807
662,18.3487692242
663,18.4131024339
664,18.4984602705
665,18.649372511
666,18.7803760962
667,18.8450447245
668,18.886313381
669,18.9987844347
670,18.9264894689
671,18.8603625454
672,18.8851330233
673,18.8898548968
674,18.8615413549
675,19.248584008
676,19.3329810469
677,19.3753182323
678,19.4554064885
679,19.3825853392
680,19.2762737447
681,19.2979717555
682,19.1921242583
683,19.0964031392
684,18.9964097351
685,18.9241238056
686,18.843866946
687,18.7100815704
688,18.6097846714
689,18.5007727226
690,18.431524746
691,18.3774615862
692,18.3866526145
693,18.3705713301
694,18.3418897257
695,18.299523111
696,18.2105300327
697,18.0259520485
698,17.9214801179
699,17.8756151147
700,17.8555163554
701,17.8610970762
702,17.7897953863
703,17.7154563741
704,17.629303692
705,17.6171877111
706,17.4005184195
707,17.2813001378
708,17.1671899318
709,17.0197596258
710,16.7915368407
711,16.7852411949
712,16.740191422
713,16.6254973187
714,16.5043667928
715,16.4087134227
716,16.3564939177
717,16.348317715
718,16.3278950846
719,16.3442311464
720,16.3544494838
721,16.2566165791
722,16.1846376643
723,16.1462447595
724,16.0958665017
725,15.9506566873
726,15.9436798013
727,15.9416869659
728,15.9676132666
729,15.9915826591
730,15.8989012013
731,15.7702459985
732,15.636766997
733,15.5548890878
734,15.5024798275
735,15.5529448482
736,15.5714249406
737,15.6191855255
738,15.5005421386
739,15.3981904613
740,15.2630900683
741,15.0800850125
742,14.9524475178
743,14.7344383686
744,14.7086756505
745,14.6829579776
746,14.727072991
747,14.8657885133
748,14.8918264197
749,14.9720854897
750,14.9964349072
751,14.7842511099
752,14.693055982
753,14.673783996
754,14.6024233819
755,14.55595226
756,14.4282414829
757,14.2873567097
758,14.1134042242
759,14.0035728412
760,13.8512433338
761,13.7890527725
762,13.6458780272
763,13.5388387581
764,13.4066385707
765,13.3039701739
766,13.1946639282
767,13.0650078524
768,12.9398603902
769,12.7623572715
770,12.6796709708
771,12.614065489
772,12.5292072657
773,12.4581496609
774,12.4247133339
775,11.9689105453
776,11.8579674465
777,11.7487869857
778,11.5782113507
779,11.5053540892
780,11.3780663757
781,11.2423455329
782,11.2290031712
783,11.281762682
784,11.3092955206
785,11.3809112479
786,11.4322407533
787,11.4308118125
788,11.4737578303
789,11.5341534587
790,11.5319910076
791,11.5919686435
792,11.5572448493
793,11.5211848322
794,11.6217111544
795,11.7708366264
796,11.8928514366
797,12.0718343556
798,12.2320860081
799,12.2849507867
800,12.3003165768
801,12.3411289336
802,12.4099677438
803,12.4659384382
804,12.491675969
805,12.4386990019
806,12.4628223431
807,12.4581496609
808,12.4472535477
809,12.4480315254
810,12.4309272439
811,12.3642902573
812,12.3218609767
813,12.3689277357
814,12.4037643109
815,12.4340353642
816,12.4379216075
817,12.4231603418
818,12.4643802933
819,12.7432280861
820,12.7983019248
821,12.8656696956
822,12.9196576458
823,12.9422868414
824,12.9220803087
825,13.0006583697
826,13.0209877766
827,13.0486867954
828,13.0250574711
829,12.989287769
830,12.9390516741
831,12.9261190898
832,12.9277349557
833,12.9811720005
834,13.0307571805
835,12.9803607026
836,13.0193602548
837,13.0356446308
838,13.0543968449
839,13.1018049086
840,13.1108154965
841,13.0968926529
842,13.0952556436
843,13.1346003982
844,13.1608958857
845,13.0977112343
846,13.0486867954
847,12.9220803087
848,12.950378299
849,13.0079732971
850,13.1018049086
851,13.1979630066
852,13.1872440168
853,13.0952556436
854,13.0177329365
855,12.9301591333
856,12.9617148391
857,12.9868525058
858,13.0633748285
859,13.0772620405
860,13.1748867689
861,13.1617184674
862,13.1798282779
863,13.1617184674
864,13.1198322813
865,13.0030962217
866,12.9552356016
867,12.951187723
868,13.0079732971
869,13.0707250439
870,13.102623797
871,13.057660852
872,13.0258715627
873,12.9876642095
874,12.9406691567
875,12.9083578897
876,12.8809567532
877,12.8271305241
878,12.8383591752
879,12.8287340157
880,12.8271305241
881,12.8447799598
882,12.8127081164
883,12.7241275729
884,12.7026737144
885,12.6353696949
886,12.6369492148
887,12.6931502809
888,12.6527552781
889,12.5990951766
890,12.6219517441
891,12.57077908
892,12.6330007852
893,12.7241275729
894,12.6306323196
895,12.5370404678
896,12.4651593414
897,12.3697008178
898,12.2788098467
899,12.261171738
900,12.2382035803
901,12.1103747187
902,12.0258981087
903,11.9838810381
904,11.9756449514
905,12.0138782216
906,11.9951211946
907,11.9233659484
908,11.9323118272
909,11.9442501071
910,11.9958709131
911,12.0537401781
912,12.092222774
913,12.0138782216
914,11.9943715229
915,12.0116258306
916,12.0447032622
917,12.1368951595
918,12.1452421439
919,11.8668642579
920,11.8409338641
921,11.8668642579
922,11.9092153549
923,11.9338034594
924,11.9308203814
925,11.8720571469
926,11.8661226021
927,11.8646394295
928,11.9188955245
929,12.0289049591
930,12.0982703971
931,12.1551141631
932,12.1771652853
933,12.2757405279
934,12.2841830013
935,12.2880224084
936,12.2527450794
937,12.2236793391
938,12.4146223544
939,12.5370404678
940,12.6511737825
941,12.8231226721
942,12.8399640704
943,12.8063033637
944,12.8103059589
945,12.8311396288
946,12.9067444458
947,12.9803607026
948,12.9447137477
949,12.8367544806
950,12.7783201928
951,12.7583696579
952,12.7042616479
953,12.7647504378
954,12.7551804642
955,12.7679420244
956,12.8183149026
957,12.8817618382
958,12.8978741085
959,12.8688865151
960,12.7799175827
961,12.7153827416
962,12.7249228557
963,12.8367544806
964,12.9366258294
965,13.0690913054
966,13.1329586757
967,13.1781809023
968,13.1897168569
969,13.218600943
970,13.1839476179
971,13.2152967058
972,13.2103418986
973,13.2161226876
974,13.2417537474
975,13.2740698915
976,13.2616312824
977,13.273240288
978,13.2840291781
979,13.2948268378
980,13.3481126457
981,13.4763662079
982,13.5100992722
983,13.553231419
984,13.5812138057
985,13.6092539657
986,13.6296831647
987,13.6492899232
988,13.6586770365
989,13.6937222789
990,13.6441723991
991,13.6373520181
992,13.6407617823
993,13.6689248867
994,13.6475838686
995,13.6169113244
996,13.6016009129
997,13.5506904263
998,13.5897047175
999,13.6441723991
1000,13.7177072737
1001,13.8763714779
1002,13.9773407424
1003,13.9956980465
1004,14.1257588573
1005,14.1681997634
1006,14.1912418046
1007,14.2909289953
1008,14.327596461
1009,14.3401385943
1010,14.3437240771
1011,14.3922159299
1012,14.3760337911
1013,14.4643572124
1014,14.5096290291
1015,14.5259615471
1016,14.588740025
1017,14.6472118508
1018,14.6774529006
1019,14.776860832
1020,14.8092205957
1021,14.8574288586
1022,14.8732232661
1023,14.8918264197
1024,14.8657885133
1025,14.9253707524
1026,14.965536635
1027,15.1131088051
1028,15.2526003001
1029,15.2793157198
1030,15.2917352086
1031,15.326180349
1032,15.4184138549
1033,15.4087803571
1034,15.4647385488
1035,15.5199299312
1036,15.6045494009
1037,15.6788473284
1038,15.5364286201
1039,15.4560420795
1040,15.4309464069
1041,15.3683853503
1042,15.4521785519
1043,15.6025989541
1044,15.6906108747
1045,15.7732031969
1046,15.7988554889
1047,15.7899711317
1048,15.7131823472
1049,15.738737026
1050,15.7259544958
1051,15.738737026
1052,15.8097209367
1053,15.8552392856
1054,15.8998949137
1055,15.9018825247
1056,15.8522667069
1057,15.8265276922
1058,15.8413720191
1059,15.9416869659
1060,16.0035808448
1061,16.1301065852
1062,16.2413831428
1063,16.2373233045
1064,16.2820373973
1065,16.2789848015
1066,16.3381032088
1067,16.2922168514
1068,16.2332644811
1069,16.2089328377
1070,16.2789848015
1071,16.3544494838
1072,16.3779759105
1073,16.4333449619
1074,16.4087134227
1075,16.3994861168
1076,16.4374538117
1077,16.4744797213
1078,16.5146852462
1079,16.5933166028
1080,16.5860586145
1081,16.5157174463
1082,16.6535765306
1083,16.6848312787
1084,16.7203242431
1085,16.7925863446
1086,16.832516135
1087,16.8377771183
1088,16.9158322007
1089,16.891533161
1090,16.9052631088
1091,16.9084331428
1092,16.8440924688
1093,16.7276409854
1094,16.6942191364
1095,16.6702384367
1096,16.66711306
1097,16.7496104285
1098,16.721369296
1099,16.6494136568
1100,16.6130328704
1101,16.4961166721
1102,16.4117903449
1103,16.3882153449
1104,16.275932778
1105,16.2038683375
1106,16.5229446535
1107,16.5074616517
1108,16.4683029496
1109,16.434372078
1110,16.4005111168
1111,16.320753193
1112,16.3217732719
1113,16.3238136211
1114,16.2850905656
1115,16.2698304475
1116,16.2089328377
1117,16.0697319587
1118,15.9736022444
1119,15.856230269
1120,15.7761609498
1121,15.7220234986
1122,15.7161288451
1123,15.6612185432
1124,15.754483635
1125,15.6827675302
1126,15.6436095792
1127,15.4579742055
1128,15.2487876266
1129,15.1159427787
1130,15.0593641445
1131,15.018946439
1132,14.9440391311
1133,14.8946188989
1134,14.8713642294
1135,14.8314510953
1136,14.7907206348
1137,14.7307552195
1138,14.6481273302
1139,14.5878282573
1140,14.5250537028
1141,14.459837807
1142,14.3940150693
1143,14.2784299016
1144,14.2267642937
1145,14.2010016379
1146,14.1930158207
1147,14.1868077344
1148,14.3311788079
1149,14.3724402319
1150,14.4544163844
1151,14.4806387709
1152,14.4489969944
1153,14.4264380654
1154,14.4282414829
1155,14.450803232
1156,14.4426769409
1157,14.4544163844
1158,14.4201278792
1159,14.3778309076
1160,14.3931154715
1161,14.3034390306
1162,14.2249860593
1163,14.2481204533
1164,14.241888264
1165,14.2392181603
1166,14.2294320621
1167,14.3724402319
1168,14.4752095494
1169,14.502376028
1170,14.4607415751
1171,14.4264380654
1172,14.489691999
1173,14.5468576322
1174,14.6325719601
1175,14.7888719103
1176,14.9067256945
1177,14.9496441967
1178,14.9533820749
1179,14.9263036172
1180,15.0499549826
1181,15.0942292213
1182,14.9599256109
1183,14.930968816
1184,14.9580557371
1185,15.0320937682
1186,15.1974097174
1187,15.4001153554
1188,15.5558612988
1189,15.7053277198
1190,15.8810249947
1191,15.9845878719
1192,16.091843038
1193,16.2251498777
1194,16.3034216017
1195,16.4528711504
1196,16.5033353021
1197,16.4477304315
1198,16.4066624617
1199,16.4312909221
1200,16.3933374625
1201,16.434372078
1202,16.51778204
1203,16.6099182188
1204,16.6577404452
1205,16.6921324894
1206,16.4282103439
1207,16.4796288007
1208,16.6254973187
1209,16.7705605326
1210,16.879924223
1211,16.8830895055
1212,16.8904774732
1213,16.8883662955
1214,16.9232344964
1215,16.9306400314
1216,16.9158322007
1217,16.9444017663
1218,16.9602945916
1219,17.0399825953
1220,17.1457443506
1221,17.1264662342
1222,17.2273803684
1223,17.2219976531
1224,17.3104869512
1225,17.5128955827
1226,17.6623896449
1227,17.8968550164
1228,18.0530112659
1229,18.2310284072
1230,18.411951651
1231,18.5100254219
1232,18.5343357805
1233,18.5030854637
1234,18.5320191333
1235,18.4973041529
1236,18.4603465145
1237,18.4996164604
1238,18.5621581457
1239,18.5714415454
1240,18.5239131482
1241,18.4915246484
1242,18.5042419427
1243,18.5575181862
1244,18.5424463264
1245,18.5528793865
1246,18.5436052655
1247,18.4834363758
1248,18.375164547
1249,18.4718878374
1250,18.5482417464
1251,18.4695789957
1252,18.4615003222
1253,18.4004477765
1254,18.4004477765
1255,18.4407428127
1256,18.5378112942
1257,18.5181253298
1258,18.4880578126
1259,18.4165552143
1260,18.3545041106
1261,18.347622462
1262,18.3923993414
1263,18.3545041106
1264,18.2880894824
1265,18.2184988827
1266,18.1401007737
1267,18.051882988
1268,18.0034336853
1269,18.0023085059
1270,18.0113119108
1271,17.9416531282
1272,17.8890268548
1273,17.8923813618
1274,17.8633298529
1275,17.6999621295
1276,17.539184638
1277,17.4789971972
1278,17.4604356253
1279,17.4844602374
1280,17.4375338361
1281,17.3755231439
1282,17.3549019564
1283,17.3321385893
1284,17.2618696068
1285,17.1350316085
1286,16.9094899529
1287,16.721369296
1288,16.4806588097
1289,16.3626287532
1290,16.2515371801
1291,16.1846376643
1292,16.200830397
1293,16.17351455
1294,16.189696154
1295,16.1472539313
1296,16.1442266051
1297,16.2210940972
1298,16.32891561
1299,16.3575162305
1300,16.4785988561
1301,16.4107646401
1302,16.3953867577
1303,16.3718353209
1304,16.3933374625
1305,16.4395086219
1306,16.4210245739
1307,16.3923129109
1308,16.3401455993
1309,16.2932351468
1310,16.2180529272
1311,16.2332644811
1312,16.2952719285
1313,16.3054596568
1314,16.351383312
1315,16.4323179099
1316,16.455956353
1317,16.5146852462
1318,16.5498162658
1319,16.5188144336
1320,16.4806588097
1321,16.5912425678
1322,16.5405096119
1323,16.6817031661
1324,16.6151096293
1325,16.4868402157
1326,16.4169198309
1327,16.2973089648
1328,16.3074979666
1329,16.2810198018
1330,16.2261639812
1331,16.2627139535
1332,16.490962441
1333,16.6078421088
1334,16.6452518237
1335,16.7558927103
1336,16.8156920323
1337,16.747516858
1338,16.7286864956
1339,16.7904874025
1340,16.8841447316
1341,16.9020936691
1342,16.9475791395
1343,16.982569593
1344,17.0261432325
1345,17.0304003004
1346,17.0048738496
1347,17.0751638276
1348,17.1200450134
1349,17.0027483732
1350,16.9889392508
1351,17.1457443506
1352,17.2748208652
1353,17.4135737034
1354,17.489924985
1355,17.4538891894
1356,17.4092208541
1357,17.4811822084
1358,17.5863845932
1359,17.6723275338
1360,17.7442673933
1361,17.8599807925
1362,17.8655629087
1363,17.9069248292
1364,17.9450175036
1365,17.9989333895
1366,18.0214461237
1367,18.0079351064
1368,18.1083833581
1369,18.1525763809
1370,18.2014270436
1371,18.3086751604
1372,18.356798567
1373,18.299523111
1374,18.3132529014
1375,18.3613883404
1376,18.3878018162
1377,18.4142532888
1378,18.4338288306
1379,18.41080094
1380,18.3212667024
1381,18.3235570039
1382,18.4165552143
1383,18.4949921344
1384,18.5146535068
1385,18.5123393197
1386,18.5667992654
1387,18.5749240172
1388,18.6121110399
1389,18.5714415454
1390,18.5007727226
1391,18.4499654896
1392,18.4845916267
1393,18.649372511
1394,18.6190918903
1395,18.580729588
1396,18.6074585937
1397,18.5331774207
1398,18.4649621781
1399,18.4695789957
1400,18.4015978405
1401,18.4615003222
1402,18.4615003222
1403,18.447659388
1404,18.42461422
1405,18.3579459028
1406,18.3155422011
1407,18.3281384658
1408,18.2344470455
1409,18.1707380366
1410,18.1605198706
1411,18.190054706
1412,18.1242351277
1413,18.1321662154
1414,18.1185721891
1415,18.0169413253
1416,17.9966836634
1417,17.9214801179
1418,17.8912631229
1419,17.9483825098
1420,17.957358945
1421,17.970832016
1422,17.9562366451
1423,17.8644463459
1424,17.8666795412
1425,17.8454754517
1426,17.7920192497
1427,17.7331806911
1428,17.6271001668
1429,17.5194641501
1430,17.4811822084
1431,17.4789971972
1432,17.3126508973
1433,17.2230740616
1434,17.172555517
1435,17.191885513
1436,17.267264784
1437,17.3700941413
1438,17.4549800916
1439,17.4746279941
1440,17.4800896687
1441,17.5085179061
1442,17.4757201924
1443,17.3983434906
1444,17.3798675677
1445,17.3094050796
1446,17.3364721657
1447,17.4255496516
1448,17.489924985
1449,17.5293216208
1450,17.4746279941
1451,17.3852996251
1452,17.3278060963
1453,17.2607907737
1454,17.2026337999
1455,17.269423327
1456,17.3364721657
1457,17.2996712771
1458,17.2532408294
1459,17.2834604353
1460,17.286701388
1461,17.2553976193
1462,17.2176926918
1463,17.2144646771
1464,17.2037089982
1465,17.2607907737
1466,17.3180619462
1467,17.3863862402
1468,17.2813001378
1469,17.2144646771
1470,17.1865138881
1471,17.2123130035
1472,17.2123130035
1473,17.2705026997
1474,17.33538867
1475,17.4005184195
1476,17.4833674928
1477,17.5074236579
1478,17.4844602374
1479,17.5118010609
1480,17.5512469733
1481,17.5885830287
1482,17.5874837766
1483,17.6149857003
1484,17.5962797173
1485,17.5764950336
1486,17.5107066076
1487,17.4462547831
1488,17.4201050181
1489,17.4833674928
1490,17.5205591508
1491,17.5863845932
1492,17.5545381407
1493,17.3766091481
1494,17.395081607
1495,17.4005184195
1496,17.3766091481
1497,17.3635815771
1498,17.3148151139
1499,17.2295339255
1500,17.2015586689
1501,17.2349189962
1502,17.2209213119
1503,17.2155406147
1504,17.1639713854
1505,17.1639713854
1506,17.1628986707
1507,17.1693359646
1508,17.2252270804
1509,17.2230740616
1510,17.2349189962
1511,17.2413833028
1512,17.4124853891
1513,17.4811822084
1514,17.4746279941
1515,17.5501500547
1516,17.5556353336
1517,17.6061804089
1518,17.6712230478
1519,17.6634935787
1520,17.6337115689
1521,17.5249398382
1522,17.4746279941
1523,17.4538891894
1524,17.3679230152
1525,17.4005184195
1526,17.3961688336
1527,17.4059569312
1528,17.3831265984
1529,17.3559866717
1530,17.3386393601
1531,17.2015586689
1532,17.1168353059
1533,17.0357231321
1534,16.9571148345
1535,16.830412202
1536,17.01656872
1537,17.0240150976
1538,16.9242922316
1539,16.8409344975
1540,16.7370529303
1541,16.7025683331
1542,16.6837885094
1543,16.7245048467
1544,16.6910892638
1545,16.6796180836
1546,16.6078421088
1547,16.4477304315
1548,16.3238136211
1549,16.2373233045
1550,16.1260745626
1551,16.0858097282
1552,16.0155880326
1553,15.9596314556
1554,15.962624167
1555,15.9088411204
1556,15.7722174025
1557,15.7357862895
1558,15.7112183221
1559,15.6945340178
1560,15.7456242299
1561,15.7161288451
1562,15.747592556
1563,15.7131823472
1564,15.69355314
1565,15.5889526511
1566,15.5529448482
1567,15.549057098
1568,15.5286623475
1569,15.499573385
1570,15.5393419736
1571,15.4705389133
1572,15.483113834
1573,15.4521785519
1574,15.3693459044
1575,15.3233069596
1576,15.2554604308
1577,15.2221255844
1578,15.2879127526
1579,15.3319287444
1580,15.3434320042
1581,15.3578232165
1582,15.3300123731
1583,15.2592747727
1584,15.2993829879
1585,15.3924172224
1586,15.4193775359
1587,15.4454197024
1588,15.4618391821
1589,15.4531443433
1590,15.4802110223
1591,15.5315742447
1592,15.4531443433
1593,15.4087803571
1594,15.3578232165
1595,15.3280962413
1596,15.3395966256
1597,15.3933792785
1598,15.3981904613
1599,15.498604692
1600,15.5870041538
1601,15.6494770329
1602,15.7407044911
1603,15.8245494998
1604,15.9018825247
1605,15.9406906416
1606,16.0225963853
1607,16.0205936859
1608,16.0858097282
1609,16.2048811109
1610,16.3268746231
1611,16.3892396404
1612,16.3146340579
1613,16.3360610735
1614,16.4333449619
1615,16.5136531106
1616,16.5456793289
1617,16.5353415102
1618,16.499209984
1619,16.4961166721
1620,16.5767315801
1621,16.6639882692
1622,16.7119661707
1623,16.7873394812
1624,16.8493570702
1625,16.8683232634
1626,16.8714863705
1627,16.8978686738
1628,16.8430397459
1629,16.8104379496
1630,16.7621773483
1631,16.8198964809
1632,16.8377771183
1633,16.9232344964
1634,16.9316982294
1635,16.9645351953
1636,16.7171894762
1637,16.6296542126
1638,16.6681547871
1639,16.7234595979
1640,16.8356725277
1641,16.891533161
1642,16.8757047694
1643,16.80938733
1644,16.7684643436
1645,16.7695124053
1646,16.7506573119
1647,16.7747536969
1648,16.7600822071
1649,16.7684643436
1650,16.8293603341
1651,16.8009847372
1652,16.747516858
1653,16.6837885094
1654,16.5933166028
1655,16.51778204
1656,16.7265955405
1657,16.7978348479
1658,16.8873108056
1659,17.0016857346
1660,16.9963735379
1661,17.0123151095
1662,17.0623622559
1663,17.1082790275
1664,17.1521752105
1665,17.2899429484
1666,17.4113971427
1667,17.4921113623
1668,17.605080057
1669,17.7498133434
1670,17.6844814364
1671,17.7298560315
1672,17.7298560315
1673,17.7309641821
1674,17.7764580419
1675,17.8042554687
1676,17.8946180493
1677,18.0034336853
1678,18.0169413253
1679,17.9955589058
1680,18.3705713301
1681,18.3533569899
1682,18.3648314235
1683,18.4361332032
1684,18.3361587807
1685,18.2595366553
1686,18.235586734
1687,18.2105300327
1688,18.1730095209
1689,18.0948071623
1690,17.9966836634
1691,17.8443601443
1692,17.7964678106
1693,17.7542513514
1694,17.7631306968
1695,17.7088143234
1696,17.6701186309
1697,17.5874837766
1698,17.6425306293
1699,17.5435699823
1700,17.3809538434
1701,17.3223920029
1702,17.206934996
1703,17.0805006501
1704,17.0112518731
1705,16.9391074681
1706,16.8535699361
1707,16.7496104285
1708,16.5870952756
1709,16.4271836128
1710,16.2911986197
1711,16.1795807553
1712,16.0928488096
1713,15.9426833524
1714,15.7909580357
1715,15.6094265846
1716,15.5335158128
1717,15.4473505005
1718,15.4213050786
1719,15.3300123731
1720,15.2116639696
1721,15.0904561356
1722,15.0678374197
1723,14.9711497636
1724,14.8453621005
1725,14.7639367339
1726,14.6967297052
1727,14.6115527491
1728,14.6216016455
1729,14.6802051811
1730,14.6857112903
1731,14.6252575029
1732,14.5532232748
1733,14.4969386565
1734,14.5050954784
1735,14.4797337593
1736,14.3958144336
1737,14.3760337911
1738,14.2927154731
1739,14.2169867547
1740,14.1089944745
1741,14.0009474174
1742,13.9790880192
1743,13.9511577827
1744,13.9302467332
1745,13.9337297303
1746,13.975593684
1747,14.0026976453
1748,14.0088251658
1749,13.9721002223
1750,13.9250238701
1751,13.9607525015
1752,13.9878276801
1753,14.0447688134
1754,14.1478476079
1755,14.2027768741
1756,13.9712269933
1757,13.8477809558
1758,13.7151354447
1759,13.4847915695
1760,13.3139518942
1761,13.218600943
1762,13.0829845944
1763,13.0079732971
1764,12.9771160181
1765,12.8801517186
1766,12.7999018125
1767,12.6132771346
1768,12.4690553124
1769,12.3557927291
1770,12.3859467092
1771,12.3341890006
1772,12.2581068282
1773,12.1847783925
1774,12.0627838742
1775,11.9278380491
1776,11.7951390301
1777,11.6267967655
1778,11.5688078747
1779,11.5031970376
1780,11.0846636522
1781,11.0528410112
1782,11.0562955637
1783,10.9977147366
1784,11.0231763806
1785,10.9538117422
1786,10.9257785325
1787,10.9053118912
1788,10.9647710327
1789,11.0197321762
1790,11.1089378942
1791,11.1388333188
1792,11.1089378942
1793,11.1478872985
1794,11.12422319
1795,11.1270045935
1796,11.0342050704
1797,11.0142236874
1798,10.9599749946
1799,11.081200236
1800,11.2079685164
1801,11.1932677072
1802,11.2521868902
1803,11.3128302277
1804,11.3142444199
1805,11.35888208
1806,11.4551281145
1807,11.4960097857
1808,11.5377584449
1809,11.518304896
1810,11.4651557381
1811,11.4086860559
1812,11.3560427144
1813,11.3121231979
1814,11.2747137834
1815,11.2409403275
1816,11.2367257652
1817,11.3008167289
1818,11.2789425939
1819,11.269782175
1820,11.2268979305
1821,11.1820800343
1822,11.0839708824
1823,11.0929802683
1824,11.1988657405
1825,11.1820800343
1826,11.2261962713
1827,11.1939673083
1828,11.1709035434
1829,11.1158831506
1830,11.099915548
1831,11.0798151725
1832,11.0978345089
1833,11.0680491207
1834,11.0618250938
1835,11.0777379019
1836,11.0756610208
1837,11.0342050704
1838,11.0569866038
1839,11.0528410112
1840,11.057677687
1841,11.0992218249
1842,11.1820800343
1843,11.2353212623
1844,11.2831729905
1845,11.2733045322
1846,11.2430482015
1847,11.1890710188
1848,11.1688091954
1849,11.1722999936
1850,11.1729982842
1851,11.1290911025
1852,11.1249184757
1853,11.1457972656
1854,11.0909005295
1855,11.047315972
1856,11.0701245745
1857,11.0417936947
1858,11.0528410112
1859,11.0978345089
1860,11.2128730754
1861,11.2620368625
1862,11.3008167289
1863,11.2283013804
1864,11.1653194878
1865,11.1200523884
1866,11.057677687
1867,11.0438642251
1868,11.1068551636
1869,11.0756610208
1870,11.0052782652
1871,10.944231349
1872,11.0500781463
1873,11.0238653507
1874,11.0860493218
1875,11.0950603971
1876,11.1117154759
1877,11.1492808715
1878,11.1611332779
1879,11.1381371634
1880,11.099915548
1881,11.0011520595
1882,10.8821627082
1883,10.8089554623
1884,10.7941033617
1885,10.7880333859
1886,10.8136854149
1887,10.8319489146
1888,10.8421086283
1889,10.836688929
1890,10.7759036726
1891,10.7570623322
1892,10.8028771346
1893,10.7752301997
1894,10.7759036726
1895,10.8028771346
1896,10.8760432129
1897,10.9203170087
1898,10.9332925879
1899,10.7752301997
1900,10.6766861521
1901,10.6240999433
1902,10.5539479163
1903,10.4489343799
1904,10.4332727275
1905,10.3948708813
1906,10.3301055408
1907,10.3449657457
1908,10.3210706518
1909,10.3721569536
1910,10.3961703214
1911,10.4698531605
1912,10.5137875941
1913,10.606186893
1914,10.6860323408
1915,10.7537012754
1916,10.7167988895
1917,10.6480310806
1918,10.6340647072
1919,10.6161348556
1920,10.6600168563
1921,10.70474927
1922,10.7752301997
1923,10.755045572
1924,10.7268505995
1925,10.7732100334
1926,10.8448194943
1927,10.9538117422
1928,11.0632079083
1929,11.081200236
1930,11.0659740561
1931,11.1158831506
1932,11.1423147481
1933,11.1939673083
1934,11.2016658069
1935,11.1590407616
1936,11.1597382235
1937,11.3057619179
1938,11.3809112479
1939,11.415105247
1940,11.4866730713
1941,11.5276673217
1942,11.5067923484
1943,11.5666389265
1944,11.6231639591
1945,11.7487869857
1946,11.8283595531
1947,11.8921081566
1948,11.953958754
1949,12.00412091
1950,12.0116258306
1951,11.9861282265
1952,11.9412644178
1953,11.8779946597
1954,11.8661226021
1955,11.8898785954
1956,11.9151714515
1957,12.0108751274
1958,12.02289201
1959,11.9876265862
1960,11.9151714515
1961,11.8987993492
1962,11.8839351421
1963,11.8943381359
1964,11.9211305269
1965,11.9412644178
1966,11.9136821482
1967,11.9367872832
1968,11.9032622357
1969,11.9300747284
1970,11.9382794749
1971,11.9457432317
1972,11.7951390301
1973,11.8246637683
1974,11.8128450149
1975,11.8742833663
1976,11.8817071131
1977,11.846115406
1978,11.7517245496
1979,11.7407124706
1980,11.7458501561
1981,11.8098921727
1982,11.8498178956
1983,11.93305762
1984,11.9532116549
1985,12.0146291124
1986,12.0251465136
1987,12.0093738619
1988,12.0093738619
1989,11.9569476172
1990,11.953958754
1991,11.9591897551
1992,11.9861282265
1993,12.0439504918
1994,12.0657999472
1995,12.0507271197
1996,12.0258981087
1997,12.0590148432
1998,12.0748526915
1999,12.1217335186
2000,12.1649942066
2001,12.186301585
2002,12.222915383
2003,12.3149318789
2004,12.3519321472
2005,12.4208312176
2006,12.475291399
2007,12.50182958
2008,12.5943714017
2009,12.6448497768
2010,12.7767230026
2011,12.8359522085
2012,12.9067444458
2013,12.9471411091
2014,12.9212727039
2015,12.9333920772
2016,13.0928005134
2017,13.1181924048
2018,13.2343073554
2019,13.2956577905
2020,13.3289385185
2021,13.3673143556
2022,13.3798520889
2023,13.4586900798
2024,13.4738396262
2025,13.4528031907
2026,13.463738035
2027,13.4814207929
2028,13.5413775283
2029,13.6322389699
2030,13.7357235851
2031,13.7237100836
2032,13.7812986114
2033,13.8149315002
2034,13.8123414434
2035,13.8772387782
2036,13.9433124632
2037,13.8599030668
2038,13.7847443668
2039,13.7993984413
2040,13.748606864
2041,13.7597821465
2042,13.7237100836
2043,13.6390567937
2044,13.6186135447
2045,13.5676393802
2046,13.534608532
2047,13.6067024698
2048,13.5973510767
2049,13.5583148339
2050,13.6527026723
2051,13.8235685312
2052,13.8937277877
2053,14.0167073466
2054,14.1081126899
2055,14.2258751487
2056,14.3079095537
2057,14.4138204531
2058,14.4562232994
2059,14.5259615471
2060,14.776860832
2061,14.9403035883
2062,15.1357954791
2063,15.2526003001
2064,15.2611823012
2065,15.3213916659
2066,15.4753742121
2067,15.5441987768
2068,15.5762917713
2069,15.6250438185
2070,15.7220234986
2071,15.768274841
2072,15.8691186913
2073,15.8196051007
2074,15.7801054831
2075,15.7348028336
2076,15.7308696245
2077,15.8057690004
2078,15.8800324616
2079,15.8830102469
2080,16.0055814174
2081,16.0376246128
2082,16.0406319493
2083,15.9855869398
2084,15.9885845184
2085,15.966615322
2086,16.1623990801
2087,16.3534273626
2088,16.5074616517
2089,16.747516858
2090,16.9031500829
2091,17.0346584327
2092,17.1543193664
2093,17.2413833028
2094,17.3700941413
2095,17.5041413237
2096,17.6579745993
2097,17.7875718009
2098,17.9461391022
2099,18.0925454528
2100,18.1287667529
2101,18.2390062271
2102,18.306386719
2103,18.362535963
2104,18.5123393197
2105,18.6202556199
2106,18.6797023777
2107,18.7921175
2108,18.8544696029
2109,18.9111179417
2110,18.9501623732
2111,18.9940353323
2112,18.9442413727
2113,18.8544696029
2114,18.843866946
2115,18.809743371
2116,18.7369966533
2117,18.7592600531
2118,18.6167646493
2119,18.5459233611
2120,18.4880578126
2121,18.4395903023
2122,18.4372854975
2123,18.3682751522
2124,18.3132529014
2125,18.3075309039
2126,18.2116682264
2127,18.1004626732
2128,17.9618488459
2129,17.8655629087
2130,17.7931312857
2131,17.766461596
2132,17.7365059743
2133,17.6988559164
2134,17.7564707716
2135,17.7409406551
2136,17.6866921348
2137,17.6800608686
2138,17.6778509992
2139,17.6513541003
2140,17.7165636247
2141,17.6866921348
2142,17.6900087004
2143,17.6822710144
2144,17.5940803198
2145,17.5512469733
2146,17.539184638
2147,17.4353542806
2148,17.4244605888
2149,17.5205591508
2150,17.5567325951
2151,17.5008596048
2152,17.5808897066
2153,17.5512469733
2154,17.6469418133
2155,17.6061804089
2156,17.5633176044
2157,17.5107066076
2158,17.5655131564
2159,17.6745367128
2160,17.4418937645
2161,17.3581563056
2162,17.2521625356
2163,17.1693359646
2164,17.1789964329
2165,17.1393159019
2166,17.1168353059
2167,17.1468159932
2168,17.1972588168
2169,17.1811439416
2170,17.1671899318
2171,17.1714822658
2172,17.1489594791
2173,17.2651065108
2174,17.3473108475
2175,17.4157505362
2176,17.5282260725
2177,17.5107066076
2178,17.5545381407
2179,17.5918811972
2180,17.6094818773
2181,17.6094818773
2182,17.6557674905
2183,17.6745367128
2184,17.7143491927
2185,17.8131598223
2186,17.6745367128
2187,17.5655131564
2188,17.4375338361
2189,17.3494793969
2190,17.2791401103
2191,17.242460923
2192,17.1951092938
2193,17.1897366616
2194,17.1382447282
2195,17.0858391407
2196,16.9211192243
2197,16.8388295122
2198,16.7171894762
2199,16.600577767
2200,16.6234192614
2201,16.5674097905
2202,16.4961166721
2203,16.4128161139
2204,16.2962904148
2205,16.1967806957
2206,16.1019035835
2207,16.0195924301
2208,15.918787254
2209,15.8681269024
2210,15.859203591
2211,15.7988554889
2212,15.8532575046
2213,15.9386981798
2214,15.9516536345
2215,15.9406906416
2216,15.9257532471
2217,15.8671351755
2218,15.8720944301
2219,15.9456728858
2220,16.0155880326
2221,16.1109634521
2222,16.0717408007
2223,16.0536702589
2224,16.0827939216
2225,16.0777688337
2226,16.0727453159
2227,16.1159989149
2228,16.1947562246
2229,16.2129855774
2230,16.2983275785
2231,16.4333449619
2232,16.5839854868
2233,16.6234192614
2234,16.6514949636
2235,16.6577404452
2236,16.6566993689
2237,16.6556583578
2238,16.6858741133
2239,16.6858741133
2240,16.6223803302
2241,16.5705164711
2242,16.5363750014
2243,16.5943537175
2244,16.689003008
2245,16.7203242431
2246,16.7036122763
2247,16.7265955405
2248,16.7632250171
2249,16.6837885094
2250,16.5746596181
2251,16.4981788156
2252,16.4076879102
2253,16.4015361807
2254,16.5353415102
2255,16.4858098204
2256,16.4961166721
2257,16.4169198309
2258,16.3524053053
2259,16.2018429806
2260,16.2180529272
2261,16.1866608705
2262,16.1785695631
2263,16.2038683375
2264,16.1785695631
2265,16.1401910529
2266,16.0256009038
2267,15.9815910426
2268,15.9267486378
2269,15.856230269
2270,15.7909580357
2271,15.7761609498
2272,15.769260389
2273,15.7456242299
2274,15.7210409028
2275,15.69355314
2276,15.6045494009
2277,15.5597507502
2278,15.526721386
2279,15.5461419231
2280,15.5208999571
2281,15.5160504336
2282,15.4918255355
2283,15.4773087548
2284,15.48601719
2285,15.4232328622
2286,15.4126330337
2287,15.3376792959
2288,15.244023125
2289,15.1679932425
2290,15.1736823066
2291,15.1888635782
2292,15.2069110673
2293,15.1651495103
2294,15.1339036229
2295,15.1660973618
2296,15.3108618292
2297,15.3559036086
2298,15.4280533756
2299,15.459906573
2300,15.4618391821
2301,15.4724728515
2302,15.4531443433
2303,15.5432272947
2304,15.5306035516
2305,15.5325449984
2306,15.5170202171
2307,15.5160504336
2308,15.5675325709
2309,15.6260204142
2310,15.6533898912
2311,15.7063093335
2312,15.6817873879
2313,15.6690511104
2314,15.738737026
2315,15.8671351755
2316,15.9426833524
2317,16.0346178401
2318,16.100897246
2319,16.2109590809
2320,16.398461181
2321,16.4755094085
2322,16.5736237342
2323,16.6910892638
2324,16.7894380298
2325,16.9010373212
2326,17.0027483732
2327,17.0506359133
2328,17.0240150976
2329,17.0517016113
2330,16.9868157662
2331,16.8862553816
2332,16.8125393856
2333,16.8567302767
2334,16.8525166209
2335,16.8714863705
2336,16.9613546431
2337,17.0101887031
2338,17.0623622559
2339,17.0997270262
2340,17.1393159019
2341,17.1951092938
2342,17.2931851166
2343,17.3744372077
2344,17.3972561281
2345,17.4538891894
2346,17.5194641501
2347,17.5446664896
2348,17.5085179061
2349,17.5874837766
2350,17.6778509992
2351,17.7820140531
2352,17.8343255143
2353,17.8421297387
2354,17.6039797739
2355,17.6160866713
2356,17.6425306293
2357,17.7398318809
2358,17.7287479501
2359,17.7509227414
2360,17.7986925081
2361,17.7586904691
2362,17.7110280636
2363,17.6900087004
2364,17.759800422
2365,17.766461596
2366,17.7998049612
2367,17.8744979237
2368,17.8979736048
2369,18.0068096456
2370,17.9921850548
2371,17.9483825098
2372,17.9629714966
2373,17.9349262696
2374,18.0146893484
2375,18.0835014413
2376,18.2116682264
2377,18.3774615862
2378,18.4580391154
2379,18.63073246
2380,19.0284932394
2381,19.3064164653
2382,19.7124418031
2383,20.1068891475
2384,20.4516282429
2385,20.9104701992
2386,21.2012999883
2387,21.6498819115
2388,22.1093368234
2389,22.44908823
2390,22.7897870682
2391,23.1255368901
2392,23.4691665983
2393,23.7732856839
2394,24.0723168058
2395,24.3812038153
2396,24.5754997123
2397,24.9064050172
2398,25.3255178981
2399,25.5193630676
2400,25.6857791941
2401,25.8662104209
2402,26.1653888194
2403,26.3755514596
2404,26.5342804793
2405,26.7106536786
2406,26.8848384146
2407,27.0246658778
2408,27.1278940702
2409,27.2996805321
2410,27.3902606643
2411,27.5172340195
2412,27.7555966239
2413,27.9365956114
2414,28.1416307128
2415,28.2897627805
2416,28.4813646079
2417,28.6903979333
2418,28.9081915618
2419,29.0494630652
2420,29.1476706351
2421,29.3084244914
2422,29.5253731368
2423,29.6474168431
2424,29.8221080701
2425,29.9641000474
2426,30.1651564997
2427,30.3410020278
2428,30.6401885937
2429,30.9056031753
2430,31.1733168584
2431,31.4158486608
2432,31.676101479
2433,31.8687211326
2434,32.1066283669
2435,32.3746270415
2436,32.6448627399
2437,32.935875355
2438,33.2170234823
2439,33.2544136618
2440,33.2960076697
2441,33.3960456747
2442,33.4211021039
2443,33.3793518257
2444,33.3584962488
2445,33.308496014
2446,33.2814438524
2447,33.3397373711
2448,33.3981329928
2449,33.3772656814
2450,33.3126598362
2451,33.2481790437
2452,33.2606494489
2453,33.3418211698
2454,33.3960456747
2455,33.4419968217
2456,33.4524490787
2457,33.3480733474
2458,33.3230716692
2459,33.3126598362
2460,33.3230716692
2461,33.3147419425
2462,33.3668369154
2463,33.4127478727
2464,33.4399067622
2465,33.5340888815
2466,33.6369444459
2467,33.6222315014
2468,33.6748073022
2469,33.6327400906
2470,33.6684938678
2471,33.9240770585
2472,34.1474359088
2473,34.4733823441
2474,34.778521571
2475,35.1258560891
2476,35.2754586577
2477,35.3615474663
2478,35.472225146
2479,35.4766594513
2480,35.2622328407
2481,35.1917788525
2482,35.0096941902
2483,34.867755815
2484,34.7589641536
2485,34.3808595123
2486,34.1047782805
2487,33.7633197932
2488,33.4294584239
2489,33.2564921276
2490,33.0575505962
2491,32.8084957953
2492,32.433359263
2493,32.12067809
2494,31.8070352629
2495,31.4197758874
2496,31.142159123
2497,30.6497651489
2498,30.0879572399
2499,29.893019751
2500,29.7290594466
2501,29.5456788102
2502,29.3560893985
2503,29.0985254188
2504,28.9714974464
2505,28.7137183542
2506,28.5062967082
2507,28.3021422595
2508,28.2455945416
2509,27.9593033191
2510,27.6966786037
2511,27.4519581345
2512,27.170314537
2513,26.9538191569
2514,26.6606181259
2515,26.4134935792
2516,26.1212719598
2517,25.9066579661
2518,25.8080768723
2519,25.7179064934
2520,25.5864393948
2521,25.3587794635
2522,25.139429249
2523,25.0453329302
2524,24.8628569241
2525,24.6925110178
2526,24.5371304778
2527,24.4010215933
2528,24.0768307884
2529,23.7747715606
2530,23.4662331358
2531,23.2066180786
2532,22.8625454114
2533,22.6096091604
2534,22.2924933339
2535,22.0224524755
2536,21.7407308743
2537,21.4317828469
2538,21.1404337879
2539,21.0784248838
2540,21.045515562
2541,21.0034665939
2542,21.1510066478
2543,21.1140247548
2544,21.2583551155
2545,21.2344529135
2546,21.2012999883
2547,21.1113856666
2548,21.0534091103
2549,21.0047793516
2550,20.9418594406
2551,20.9274668602
2552,20.8765182786
2553,20.7775899575
2554,20.6855936698
2555,20.628786433
2556,20.5721352014
2557,20.5862834073
2558,20.6171860035
2559,20.6184746179
2560,20.5657074136
2561,20.5965791227
2562,20.5927176261
2563,20.5952918767
2564,20.5015398919
2565,20.4005630304
2566,20.3064282808
2567,20.2203090935
2568,20.1673003865
2569,20.1194598812
2570,20.1635193722
2571,19.9941053977
2572,19.8484317704
2573,19.5431530995
2574,19.1202885684
2575,18.7054046347
2576,18.4165552143
2577,18.1923286049
2578,18.0484985772
2579,18.0056842552
2580,17.8912631229
2581,17.8454754517
2582,17.681165907
2583,17.5304172377
2584,17.3733513393
2585,17.3581563056
2586,17.382040187
2587,17.3440585316
2588,17.3527327293
2589,17.259712008
2590,17.1146958352
2591,17.0399825953
2592,17.0197596258
2593,16.9900010927
2594,16.9783244813
2595,17.0144417818
2596,17.0965211279
2597,17.2629485074
2598,17.4157505362
2599,17.450616892
2600,17.4288172485
2601,17.4201050181
2602,17.3234746862
2603,17.2877818406
2604,17.25000615
2605,17.3137329718
2606,17.395081607
2607,17.5655131564
2608,17.601779414
2609,17.6679100041
2610,17.705494232
2611,17.7786802381
2612,17.8231825434
2613,17.9125216176
2614,18.091414704
2615,18.2915188207
2616,18.4938362335
2617,18.6295680757
2618,18.6202556199
2619,18.5551986414
2620,18.5401286655
2621,18.5470825175
2622,18.5772460278
2623,18.5633183168
2624,18.6121110399
2625,18.6913808408
2626,18.7018977001
2627,18.7557430215
2628,18.7850717771
2629,18.7545708242
2630,18.8156223344
2631,18.9217584379
2632,18.9655656369
2633,18.9750507908
2634,19.0689717807
2635,19.0606309303
2636,18.9987844347
2637,18.9952224966
2638,18.9762367685
2639,18.9904742845
2640,18.9869139044
2641,18.9904742845
2642,18.8085677988
2643,18.8544696029
2644,18.7451958828
2645,18.7369966533
2646,18.7311422566
2647,18.7030666052
2648,18.7124204768
2649,18.7124204768
2650,18.7698151052
2651,18.7428528797
2652,18.820326828
2653,18.7545708242
2654,18.7147596756
2655,18.698391423
2656,18.7369966533
2657,18.7054046347
2658,18.6890445642
2659,18.6656978532
2660,18.684372887
2661,18.7405101695
2662,18.8215031352
2663,18.9679364808
2664,19.1023716977
2665,19.2497870821
2666,19.4468966099
2667,19.5394891018
2668,19.5969707359
2669,19.7494373039
2670,19.7976352748
2671,19.8732578231
2672,19.8819542756
2673,19.999104549
2674,20.1975740367
2675,20.3038901359
2676,20.4784886283
2677,20.6313651924
2678,20.6998199052
2679,20.5759928384
2680,20.4861695016
2681,20.2962776046
2682,20.1975740367
2683,20.0905589351
2684,19.9666323948
2685,20.1018630535
2686,20.2481311418
2687,20.2139912342
2688,20.1244903749
2689,19.9741212861
2690,19.9205129036
2691,19.8385100351
2692,19.8310719886
2693,19.7877389314
2694,19.7556099675
2695,19.7395650535
2696,19.6263882496
2697,19.5065440192
2698,19.4128943015
2699,19.2822985216
2700,19.195723119
2701,19.1525812947
2702,19.154975517
2703,19.1597648595
2704,19.132242484
2705,19.0642051336
2706,18.9904742845
2707,18.8167983475
2708,18.6773675608
2709,18.6190918903
2710,18.6517038282
2711,18.6144376991
2712,18.628403764
2713,18.5204402401
2714,18.3395971328
2715,18.1707380366
2716,18.0293322314
2717,17.8477062756
2718,17.695537692
2719,17.5666110352
2720,17.4702598831
2721,17.5951799842
2722,17.4822748164
2723,17.3505637732
2724,17.2155406147
2725,17.0506359133
2726,16.9116037712
2727,16.7799966266
2728,16.7558927103
2729,16.7988847453
2730,16.7642727514
2731,16.6900461033
2732,16.6525357146
2733,16.5850220183
2734,16.5353415102
2735,16.5167497109
2736,16.5250101507
2737,16.5850220183
2738,16.580876281
2739,16.5518851222
2740,16.5405096119
2741,16.42205092
2742,16.3054596568
2743,16.2871263291
2744,16.1917199925
2745,16.166440185
2746,16.1876725684
2747,16.2129855774
2748,16.2779673967
2749,16.2840727792
2750,16.2535687492
2751,16.2861084155
2752,16.2018429806
2753,16.2434134426
2754,16.2586487832
2755,16.2922168514
2756,16.2434134426
2757,16.3176933386
2758,16.3105559092
2759,16.3125948561
2760,16.2657634982
2761,16.1603789065
2762,16.011584636
2763,15.807744845
2764,15.6906108747
2765,15.5694786341
2766,15.3213916659
2767,15.2592747727
2768,15.1376875718
2769,14.981445968
2770,14.8351594216
2771,14.7556343548
2772,14.6958111883
2773,14.5550425415
2774,14.3562803283
2775,14.3016512124
2776,14.1266417448
2777,13.9476704292
2778,13.8037114271
2779,13.7597821465
2780,13.7151354447
2781,13.7322900834
2782,13.8045741861
2783,13.840858796
2784,13.8547065776
2785,13.6313869816
2786,13.3823610464
2787,13.4460784705
2788,13.4881631888
2789,13.6186135447
2790,13.6373520181
2791,13.6672163779
2792,13.5617048363
2793,13.592253026
2794,13.5973510767
2795,13.5117881402
2796,13.5888553875
2797,13.5523843685
2798,13.4788932635
2799,13.5659435313
2800,13.6186135447
2801,13.6058520774
2802,13.5320710308
2803,13.5202356473
2804,13.6016009129
2805,13.72885744
2806,13.8833113985
2807,13.9511577827
2808,14.1028231395
2809,14.1301738467
2810,14.0351163532
2811,14.0035728412
2812,13.9102363894
2813,13.8703018932
2814,13.8235685312
2815,13.7692452492
2816,13.6997145931
2817,13.7211371292
2818,13.7529039751
2819,13.7520444454
2820,13.6988583877
2821,13.4822634081
2822,13.4831060759
2823,13.592253026
2824,13.6313869816
2825,13.6450251865
2826,13.643319665
2827,13.6067024698
2828,13.5566201504
2829,13.8348047447
2830,13.8633684757
2831,13.7993984413
2832,13.7847443668
2833,13.7847443668
2834,13.7761315933
2835,13.8097518721
2836,13.8373990138
2837,13.7572024292
2838,13.6980022358
2839,13.7279994132
2840,13.655262794
2841,13.7348651292
2842,13.8062998657
2843,13.7340067269
2844,13.7666637578
2845,13.7666637578
2846,13.708279591
2847,13.708279591
2848,13.592253026
2849,13.519390659
2850,13.5396849619
2851,13.5160112338
2852,13.514321838
2853,13.5617048363
2854,13.6339431062
2855,13.5931025684
2856,13.6041514522
2857,13.5701835511
2858,13.5931025684
2859,13.6638000009
2860,13.7589221869
2861,13.8037114271
2862,13.7787148602
2863,13.7812986114
2864,13.7417342789
2865,13.748606864
2866,13.7968112966
2867,13.7503255473
2868,13.7365820946
2869,13.7933625249
2870,13.8547065776
2871,13.8391287968
2872,13.7640827503
2873,13.7451701419
2874,13.6997145931
2875,13.6092539657
2876,13.6322389699
2877,13.6937222789
2878,13.8019860711
2879,13.8037114271
2880,13.8460500914
2881,13.8503776582
2882,13.7830213814
2883,13.763222522
2884,13.7322900834
2885,13.708279591
2886,13.7194220942
2887,13.6578233958
2888,13.6271278387
2889,13.5489966959
2890,13.5236161288
2891,13.5067221696
2892,13.5557728881
2893,13.5253066865
2894,13.5701835511
2895,13.6885880958
2896,13.6441723991
2897,13.6620921326
2898,13.6416143566
2899,13.6143583929
2900,13.5880061105
2901,13.5948018124
2902,13.6723425451
2903,13.6971461375
2904,13.5888553875
2905,13.4932221985
2906,13.3522845828
2907,13.3147840422
2908,13.1387056022
2909,13.0739931337
2910,13.064191315
2911,13.0543968449
2912,13.1042617274
2913,13.17077026
2914,13.2906728535
2915,13.360632369
2916,13.3372717089
2917,13.3072965822
2918,13.3089600983
2919,13.3940757367
2920,13.4016120237
2921,13.3831974701
2922,13.4200519148
2923,13.3648082191
2924,13.3739996839
2925,13.3924015819
2926,13.4460784705
2927,13.4890062253
2928,13.5320710308
2929,13.288181086
2930,13.3172807983
2931,13.4570078487
2932,13.4797357207
2933,13.4898493146
2934,13.4208906942
2935,13.3781797119
2936,13.2890116232
2937,13.288181086
2938,13.3031387018
2939,13.3681498388
2940,13.3890539
2941,13.4443978157
2942,13.5126326533
2943,13.5549256788
2944,13.5447632959
2945,13.5498435346
2946,13.5820626581
2947,13.6041514522
2948,13.7022835305
2949,13.8599030668
2950,13.8841791325
2951,13.9825832281
2952,13.9913250742
2953,13.9790880192
2954,13.8980702561
2955,13.9180630985
2956,13.8781061327
2957,13.8425890115
2958,13.8157949604
2959,13.7847443668
2960,13.7228523785
2961,13.7202795849
2962,13.7262835205
2963,13.7460292419
2964,13.7262835205
2965,13.7443110956
2966,13.7640827503
2967,13.8599030668
2968,13.8963331059
2969,13.8503776582
2970,13.7916384623
2971,13.7382992747
2972,13.7847443668
2973,14.1081126899
2974,14.1266417448
2975,14.1876944376
2976,14.1593474052
2977,14.1434270962
2978,14.0316080127
2979,14.0667309181
2980,14.0175834182
2981,13.9921995593
2982,14.0149553677
2983,14.0728864593
2984,14.1301738467
2985,14.1558080108
2986,14.1416592783
2987,14.1284076854
2988,14.0869663845
2989,14.11516851
2990,14.106349286
2991,14.111640159
2992,14.1310570102
2993,14.1575775974
2994,14.1558080108
2995,14.0948925322
2996,14.0544279119
2997,14.1045861025
2998,14.2321003308
2999,14.2374383692
3000,14.2249860593
3001,14.2516829287
3002,14.2962890987
3003,14.3688475709
3004,14.3931154715
3005,14.3922159299
3006,14.3482071914
3007,14.3571776238
3008,14.3724402319
3009,14.4562232994
3010,14.5032824548
3011,14.5468576322
3012,14.4987508871
3013,14.4887864216
3014,14.4435796364
3015,14.4111181151
3016,14.5032824548
3017,14.5150711603
3018,14.4779239057
3019,14.4363596517
3020,14.4697823635
3021,14.5050954784
3022,14.5005633443
3023,14.5096290291
3024,14.4697823635
3025,14.4471909827
3026,14.459837807
3027,14.4806387709
3028,14.5232381846
3029,14.584181756
3030,14.5832702732
3031,14.5141639967
3032,14.5395860215
3033,14.6408050972
3034,14.6912194648
3035,14.7151121039
3036,14.8027429788
3037,14.8221843345
3038,14.8946188989
3039,14.9244379458
3040,15.0480738558
3041,14.9795734043
3042,14.975828979
3043,15.0208239246
3044,15.1499919409
3045,15.3070345922
3046,15.4222689403
3047,15.4676384591
3048,15.4155231734
3049,15.326180349
3050,15.2840912521
3051,15.2402125955
3052,15.2621361549
3053,15.2564139269
3054,15.3022518912
3055,15.3511056384
3056,15.378954748
3057,15.4463850713
3058,15.4792435393
3059,15.562668477
3060,15.5558612988
3061,15.5636411742
3062,15.6612185432
3063,15.8681269024
3064,16.0616991011
3065,16.0717408007
3066,16.0657150278
3067,16.0205936859
3068,16.0346178401
3069,16.0717408007
3070,16.17351455
3071,16.2647469198
3072,16.2881443063
3073,15.9835888663
3074,16.0055814174
3075,15.9955810545
3076,16.0205936859
3077,15.9925821642
3078,15.9566393052
3079,15.9257532471
3080,15.8919469533
3081,15.9197822093
3082,15.9227674483
3083,15.8582124217
3084,15.7958934812
3085,15.8344429346
3086,15.8641603665
3087,15.8770552347
3088,15.9197822093
3089,15.8859885905
3090,15.8572213144
3091,15.8146622465
3092,15.8265276922
3093,15.8641603665
3094,15.8740785659
3095,15.9456728858
3096,15.9825899233
3097,15.9855869398
3098,15.9516536345
3099,15.936705967
3100,15.9386981798
3101,15.8760629497
3102,15.7702459985
3103,15.6729688629
3104,15.6514333398
3105,15.6602397476
3106,15.6945340178
3107,15.6817873879
3108,15.6553466873
3109,15.5704517569
3110,15.5762917713
3111,15.599673741
3112,15.6162572028
3113,15.538370795
3114,15.4724728515
3115,15.4676384591
3116,15.590901392
3117,15.6680718254
3118,15.7623628465
3119,15.8037934028
3120,15.738737026
3121,15.7161288451
3122,15.7269373987
3123,15.7436561499
3124,15.7732031969
3125,15.859203591
3126,15.7998429483
3127,15.7584227483
3128,15.69355314
3129,15.5831078898
3130,15.4976360594
3131,15.4763414533
3132,15.4030031477
3133,15.3300123731
3134,15.3751104899
3135,15.3770324988
3136,15.290779505
3137,15.2573674825
3138,15.2278349519
3139,15.1386337068
3140,15.0546588285
3141,15.0471333806
3142,15.0180077842
3143,14.970214096
3144,14.8760122569
3145,14.7353592998
3146,14.6572852713
3147,14.6279999958
3148,14.6088133398
3149,14.6115527491
3150,14.5823588473
3151,14.5677837772
3152,14.6060744441
3153,14.6097264192
3154,14.6472118508
3155,14.6380602036
3156,14.662782784
3157,14.6572852713
3158,14.7160318272
3159,14.7123532791
3160,14.7740904304
3161,14.7593237245
3162,14.7123532791
3163,14.558681757
3164,14.4390667229
3165,14.4084162838
3166,14.4291432761
3167,14.4291432761
3168,14.4987508871
3169,14.4887864216
3170,14.4526096953
3171,14.3751353171
3172,14.3168547923
3173,14.3159600168
3174,14.3258056234
3175,14.3778309076
3176,14.4129196175
3177,14.4743048771
3178,14.5568620355
3179,14.5550425415
3180,14.6243434529
3181,14.6756183337
3182,14.743650271
3183,14.7953434573
3184,14.8946188989
3185,14.9477756079
3186,15.0086244619
3187,15.1121642653
3188,15.139579901
3189,15.2917352086
3190,15.6621973999
3191,16.0085827453
3192,16.2312354498
3193,16.3728585926
3194,16.5322414244
3195,16.7224144143
3196,16.8809792513
3197,17.0495702818
3198,17.1972588168
3199,17.337555729
3200,17.5150848315
3201,17.7010684117
3202,17.8756151147
3203,18.1117789983
3204,18.362535963
3205,18.5505604215
3206,18.7780286959
3207,18.9999718959
3208,19.1107308138
3209,19.2810934156
3210,19.3825853392
3211,19.4663532332
3212,19.6276149372
3213,19.7815562291
3214,19.8757421356
3215,20.0128586608
3216,19.8968713345
3217,19.8583584677
3218,19.8695319366
3219,19.9454291142
3220,20.0679697651
3221,20.1824315353
3222,20.216518141
3223,20.230421776
3224,20.2418045894
3225,20.2203090935
3226,20.2582577388
3227,20.3165840337
3228,20.3648932653
3229,20.4439603202
3230,20.5130752521
3231,20.5258999314
3232,20.5477202901
3233,20.5194865898
3234,20.4401274369
3235,20.3967382834
3236,20.4925724299
3237,20.6326546931
3238,20.7075837933
3239,20.8243921677
3240,20.9078565538
3241,20.9366246301
3242,20.9000175775
3243,20.8895701808
3244,20.8504389337
3245,20.8413188618
3246,20.8387138598
3247,20.8165844846
3248,20.8282971073
3249,20.8165844846
3250,20.8387138598
3251,20.8621706048
3252,20.8256937329
3253,20.7762913987
3254,20.7542283122
3255,20.806178794
3256,20.8165844846
3257,20.795778305
3258,20.7360763051
3259,20.6249188981
3260,20.6804229178
3261,20.9130841714
3262,20.9575717265
3263,20.9798509803
3264,20.9916554661
3265,21.0100312029
3266,20.9340077156
3267,20.9313911282
3268,20.8295989165
3269,20.8712998013
3270,20.849135822
3271,20.8517421269
3272,20.8634745312
3273,20.8712998013
3274,20.884348441
3275,20.842621485
3276,20.7529312135
3277,20.676545702
3278,20.6442638261
3279,20.6532976675
3280,20.623629881
3281,20.5734210001
3282,20.5425840021
3283,20.5914306215
3284,20.5335985873
3285,20.4465159749
3286,20.4477939221
3287,20.3636204992
3288,20.2962776046
3289,20.1685608822
3290,19.8744999406
3291,19.6251616387
3292,19.3837967886
3293,19.1897253927
3294,18.9549005061
3295,18.6808698955
3296,18.5354942127
3297,18.3705713301
3298,18.2915188207
3299,18.2926620764
3300,18.2447068072
3301,18.1616549386
3302,18.1219697399
3303,18.0011833968
3304,17.8009174837
3305,17.6039797739
3306,17.4081328118
3307,17.1994086085
3308,17.1897366616
3309,17.0986583266
3310,17.0911792998
3311,17.0123151095
3312,16.8947006204
3313,16.7883887227
3314,16.7684643436
3315,16.6525357146
3316,16.6754487002
3317,16.7318234184
3318,16.7119661707
3319,16.6140712174
3320,16.5591281562
3321,16.4724205401
3322,16.3882153449
3323,16.330956852
3324,16.3176933386
3325,16.2495058649
3326,16.2373233045
3327,16.2861084155
3328,16.2606812413
3329,16.2373233045
3330,16.2606812413
3331,16.3085172171
3332,16.3329983492
3333,16.4179459204
3334,16.5902056476
3335,16.7161446845
3336,16.7150999581
3337,16.6306935985
3338,16.5798400086
3339,16.4693322507
3340,16.4158938054
3341,16.4302639986
3342,16.47653916
3343,16.4816888831
3344,16.6161481061
3345,16.740191422
3346,16.7663684165
3347,16.8514633715
3348,16.8514633715
3349,16.8409344975
3350,16.8388295122
3351,16.8989248236
3352,16.8862553816
3353,16.9295818994
3354,16.9306400314
3355,16.8504101879
3356,16.8177941252
3357,16.8041352172
3358,16.796785016
3359,16.8619988281
3360,16.7632250171
3361,16.5508506617
3362,16.5539542371
3363,16.5539542371
3364,16.5933166028
3365,16.5891687921
3366,16.5819126182
3367,16.4930239402
3368,16.5033353021
3369,16.4683029496
3370,16.4497865263
3371,16.4652154323
3372,16.4312909221
3373,16.3810470689
3374,16.386166946
3375,16.3626287532
3376,16.351383312
3377,16.3391243721
3378,16.2942535058
3379,16.2413831428
3380,16.3554716688
3381,16.3912884234
3382,16.3749053279
3383,16.3749053279
3384,16.3943620781
3385,16.4128161139
3386,16.3677428737
3387,16.3340191935
3388,16.3421882452
3389,16.2627139535
3390,16.1927320066
3391,16.0948605414
3392,16.0616991011
3393,16.0406319493
3394,15.9905832164
3395,15.9716056689
3396,15.9257532471
3397,15.8889674926
3398,15.821582675
3399,15.6759078201
3400,15.5276918364
3401,15.4155231734
3402,15.2554604308
3403,15.101778223
3404,15.4454197024
3405,15.4531443433
3406,15.3972281044
3407,15.3712671927
3408,15.2783607924
3409,15.2497407056
3410,15.1898129119
3411,15.144311759
3412,15.0697210171
3413,15.0480738558
3414,15.0095625302
3415,14.9739571174
3416,14.9113847742
3417,14.8008927515
3418,14.7187913418
3419,14.615206094
3420,14.5241459153
3421,14.492409071
3422,14.5223305106
3423,14.5232381846
3424,14.4661653701
3425,14.4264380654
3426,14.367949546
3427,14.2597017554
3428,14.2232080472
3429,14.146963395
3430,14.1513850119
3431,14.0720069314
3432,14.0667309181
3433,14.0245939624
3434,13.9171932467
3435,13.7959490228
3436,13.7177072737
3437,13.6330910114
3438,13.5786675668
3439,13.5489966959
3440,13.592253026
3441,13.6279795608
3442,13.6203159778
3443,13.5931025684
3444,13.5058780258
3445,13.4797357207
3446,13.5219257824
3447,13.4511216954
3448,13.4949089567
3449,13.5727281991
3450,13.6441723991
3451,13.6050017382
3452,13.6441723991
3453,13.6791804257
3454,13.6373520181
3455,13.6050017382
3456,13.6109552287
3457,13.5871568867
3458,13.5735765211
3459,13.6203159778
3460,13.6603844778
3461,13.6783255037
3462,13.6843110803
3463,13.6731970932
3464,13.6356474557
3465,13.5871568867
3466,13.6058520774
3467,13.6731970932
3468,13.7177072737
3469,13.7022835305
3470,13.7142782755
3471,13.7460292419
3472,13.7726879909
3473,13.8045741861
3474,13.814068094
3475,13.8417238767
3476,13.9363425496
3477,14.0588206069
3478,14.1575775974
3479,14.2481204533
3480,14.1310570102
3481,14.0588206069
3482,14.0289773328
3483,13.9921995593
3484,14.0509147441
3485,14.0992978744
3486,14.1072309604
3487,14.1903548797
3488,14.2338794545
3489,14.359869847
3490,14.4779239057
3491,14.6243434529
3492,14.8018178362
3493,14.9496441967
3494,15.2040600388
3495,15.3549438946
3496,15.48601719
3497,15.6104022042
3498,15.7338194391
3499,15.7840510026
3500,15.918787254
3501,16.0306096867
3502,16.1917199925
3503,16.3350401016
3504,15.9466695215
3505,15.9277440907
3506,15.9217723064
3507,15.9396943795
3508,15.9078468489
3509,15.8681269024
3510,15.8126855373
3511,15.8047811707
3512,15.8314742549
3513,15.8018180521
3514,15.8552392856
3515,15.8116972753
3516,15.7416883159
3517,15.7397207278
3518,15.7210409028
3519,15.8344429346
3520,15.8919469533
3521,15.8800324616
3522,15.7879975086
3523,15.7436561499
3524,15.9845878719
3525,16.1119704188
3526,16.2769500556
3527,16.4312909221
3528,16.5912425678
3529,16.7192792555
3530,16.740191422
3531,16.8114886348
3532,16.8662148548
3533,16.9158322007
3534,16.9677163439
3535,17.0538332072
3536,17.191885513
3537,17.3321385893
3538,17.5074236579
3539,17.5940803198
3540,17.6039797739
3541,17.6524573444
3542,17.732072402
3543,17.8979736048
3544,17.9820672966
3545,18.0180674194
3546,17.9136411852
3547,18.0823712577
3548,18.1446363658
3549,18.0225724993
3550,17.9730785104
3551,17.8689130158
3552,17.7964678106
3553,17.7187783336
3554,17.7376145405
3555,17.8009174837
3556,17.8165001029
3557,17.8778497063
3558,17.8823197274
3559,17.7864601124
3560,17.7531417454
3561,17.7365059743
3562,17.727639938
3563,17.7298560315
3564,17.7154563741
3565,17.7631306968
3566,17.7909072833
3567,17.8332109037
3568,17.8064811397
3569,17.8365549443
3570,17.8544004205
3571,17.8655629087
3572,17.9024486575
3573,17.9989333895
3574,18.066556103
3575,18.0891534185
3576,18.0642979247
3577,18.0304590999
3578,18.0282054333
3579,18.0451148009
3580,18.090284026
3581,18.1185721891
3582,18.1049883545
3583,18.0993314296
3584,18.0270787057
3585,17.958481315
3586,17.9528701664
3587,17.9136411852
3588,17.8934996706
3589,17.8823197274
3590,17.8555163554
3591,17.7509227414
3592,17.6138847981
3593,17.4713518085
3594,17.2813001378
3595,17.1768491925
3596,17.1211150497
3597,17.1072097935
3598,17.0538332072
3599,17.0261432325
3600,16.910546829
3601,16.8714863705
3602,16.7873394812
3603,16.7015244552
3604,16.6817031661
3605,16.6963060442
3606,16.7349609295
3607,16.7768506721
3608,16.8714863705
3609,16.9285238336
3610,16.9815082156
3611,16.9984982174
3612,17.0133784125
3613,17.172555517
3614,17.2037089982
3615,17.2942659745
3616,17.5085179061
3617,17.6679100041
3618,17.8521687599
3619,17.8845551571
3620,18.0293322314
3621,18.2264712197
3622,18.4615003222
3623,18.6575333965
3624,18.5935082318
3625,18.6726988025
3626,18.7440243446
3627,18.775681589
3628,18.7018977001
3629,18.7077429564
3630,18.7054046347
3631,18.7733347755
3632,18.8309162398
3633,18.8981210164
3634,19.0082862022
3635,19.1095364304
3636,19.1465970481
3637,19.2570071059
3638,19.3329810469
3639,19.4724374191
3640,19.555371388
3641,19.5675973154
3642,19.6006455124
3643,19.6447966162
3644,19.7729036911
3645,19.7963979612
3646,20.0303775755
3647,19.9841108439
3648,19.8993585989
3649,20.0516711619
3650,20.1219749709
3651,20.2354800137
3652,20.3267448657
3653,20.4631355199
3654,20.5490045627
3655,20.6868865598
3656,20.7244155421
3657,20.8335048325
3658,21.0336807884
3659,21.1536506889
3660,21.2384347467
3661,21.4076856484
3662,21.45590717
3663,21.3742622584
3664,21.3515641652
3665,21.3569027236
3666,21.2969208238
3667,21.3662484127
3668,21.4894582299
3669,21.531134416
3670,21.6295946584
3671,21.5998744031
3672,21.57963401
3673,21.49214458
3674,21.3943100252
3675,21.2809541214
3676,21.2052756047
3677,21.131186871
3678,21.0389398659
3679,20.9864082082
3680,20.9510235086
3681,20.923543328
3682,20.9313911282
3683,20.8517421269
3684,20.799677879
3685,20.8739088769
3686,20.8765182786
3687,20.8022780012
3688,20.7412609722
3689,20.6455541329
3690,20.5554271301
3691,20.8178855618
3692,20.8595629965
3693,20.8309008071
3694,20.8517421269
3695,20.8204879602
3696,20.7477436291
3697,20.6597528316
3698,20.5618517049
3699,20.505384291
3700,20.4772087627
3701,20.3954635271
3702,20.3394530521
3703,20.3623478127
3704,20.4145932398
3705,20.3648932653
3706,20.3267448657
3707,20.2443349731
3708,20.1647796315
3709,20.1295221265
3710,20.0529244305
3711,20.0066056195
3712,19.9816129862
3713,19.8695319366
3714,19.8100126643
3715,19.8124890707
3716,19.6570784517
3717,19.5187394199
3718,19.4663532332
3719,19.3583722438
3720,19.1969228892
3721,19.0785086506
3722,18.9087541997
3723,18.7510546719
3724,18.5621581457
3725,18.3464757714
3726,18.0891534185
3727,17.9158805303
3728,17.85663236
3729,17.7520322087
3730,17.6557674905
3731,17.531512923
3732,17.3679230152
3733,17.2705026997
3734,17.1189750441
3735,16.9327564936
3736,16.7548454997
3737,16.5405096119
3738,16.2769500556
3739,16.0466483143
3740,15.9167975299
3741,15.755468321
3742,15.613329429
3743,15.3972281044
3744,15.0885699465
3745,14.914180921
3746,14.7049989412
3747,14.5423124495
3748,14.5069087287
3749,14.3976140229
3750,14.2659417398
3751,14.1699708991
3752,14.0931307807
3753,13.9267646068
3754,13.8339400964
3755,13.6296831647
3756,13.5659435313
3757,13.4856343953
3758,13.3056332741
3759,13.1518508793
3760,13.0266857051
3761,12.814309805
3762,12.6701647829
3763,12.6551278921
3764,12.6456401046
3765,12.6290535892
3766,12.751195093
3767,12.67333272
3768,12.5660659217
3769,12.5088638374
3770,12.3480727714
3771,12.2650039529
3772,12.2160419264
3773,12.2091723351
3774,12.1741213745
3775,12.222915383
3776,12.2328505373
3777,12.2206238012
3778,12.2749733181
3779,12.2137516333
3780,12.140688532
3781,12.1733605157
3782,12.2137516333
3783,12.3280234477
3784,12.3882692919
3785,12.3442146016
3786,12.2849507867
3787,12.3110840639
3788,12.3627448176
3789,12.3898179223
3790,12.5080820578
3791,12.349616377
3792,12.3210908844
3793,12.4239368136
3794,12.3836245619
3795,12.3550205162
3796,12.3287939732
3797,12.2527450794
3798,12.2129882976
3799,12.2397334514
3800,12.2596391873
3801,12.3581096575
3802,12.4340353642
3803,12.3681547018
3804,12.3049300605
3805,12.4410314766
3806,12.4317042012
3807,12.3998887401
3808,12.4099677438
3809,12.3960143803
3810,12.3960143803
3811,12.5378240573
3812,12.6709566929
3813,12.6979111048
3814,12.751195093
3815,12.7122042932
3816,12.7241275729
3817,12.7336742481
3818,12.6251076265
3819,12.6251076265
3820,12.5920101784
3821,12.5166843209
3822,12.4979233687
3823,12.500266949
3824,12.5049554281
3825,12.5307735145
3826,12.6187966506
3827,12.5943714017
3828,12.5699934309
3829,12.5692078309
3830,12.5159020526
3831,12.4659384382
3832,12.4612645877
3833,12.3588820635
3834,12.3226311171
3835,12.7233323398
3836,12.759167081
3837,12.770336238
3838,12.7983019248
3839,12.7751260121
3840,12.7098209784
3841,12.7392464495
3842,12.7400426772
3843,12.7623572715
3844,12.8512039557
3845,12.8769320831
3846,12.8898154558
3847,12.951187723
3848,12.9657660079
3849,13.0332006765
3850,13.2516887879
3851,13.3631377225
3852,13.4746817674
3853,13.6467309213
3854,13.7769926284
3855,13.9076284646
3856,14.0676101162
3857,14.0693686774
3858,14.1885811962
3859,14.3949147233
3860,14.5386773258
3861,14.6921376947
3862,14.9207073027
3863,15.055599774
3864,15.1462049163
3865,15.2640440412
3866,15.2898238611
3867,15.3348037506
3868,15.378954748
3869,15.4203412771
3870,15.5112024254
3871,15.6710098643
3872,15.7840510026
3873,15.8740785659
3874,15.9885845184
3875,16.024599335
3876,16.1321229745
3877,16.2566165791
3878,16.3156537544
3879,16.4405361233
3880,16.5591281562
3881,16.5425773049
3882,16.5053983479
3883,16.42205092
3884,16.4827190208
3885,16.4415636889
3886,16.5415434261
3887,16.5229446535
3888,16.5260429961
3889,16.5436112483
3890,16.4755094085
3891,16.2993462558
3892,16.2292066722
3893,16.1019035835
3894,16.064710952
3895,16.0908373292
3896,16.1512912495
3897,16.2586487832
3898,16.3329983492
3899,16.2830550565
3900,16.2840727792
3901,16.2454439962
3902,16.1593689143
3903,16.1371650507
3904,16.1674506191
3905,16.0506604779
3906,16.0667191664
3907,16.1361565094
3908,16.1260745626
3909,16.1280904479
3910,16.1240589292
3911,15.9875852631
3912,15.8453328571
3913,15.884002966
3914,15.8126855373
3915,15.8028056966
3916,15.727920363
3917,15.664155297
3918,15.633835378
3919,15.603574147
3920,15.6182093569
3921,15.6016238221
3922,15.6279737889
3923,15.5840818645
3924,15.590901392
3925,15.7033646765
3926,15.7072910085
3927,15.7328361061
3928,15.7603926743
3929,15.7525144477
3930,15.7860241323
3931,15.8711024552
3932,15.9466695215
3933,16.035620035
3934,16.0195924301
3935,15.6817873879
3936,15.7200583685
3937,15.7367698068
3938,15.7436561499
3939,15.7367698068
3940,15.7210409028
3941,15.6670926015
3942,15.6250438185
3943,15.6045494009
3944,15.5257509963
3945,15.5480853123
3946,15.4695720348
3947,15.3827999673
3948,15.4686052168
3949,15.3491868701
3950,15.2278349519
3951,15.1027221136
3952,15.0725468547
3953,14.8862430317
3954,14.8592861533
3955,14.8221843345
3956,14.6646157464
3957,14.6673656197
3958,14.5732477205
3959,14.3769323213
3960,14.2597017554
3961,14.0737660422
3962,13.8002609306
3963,13.6347952543
3964,13.5058780258
3965,13.3497812641
3966,13.2343073554
3967,13.1650093083
3968,13.0446097178
3969,12.9649556729
3970,12.8857880178
3971,12.7543832903
3972,12.6963239651
3973,12.6117005735
3974,12.5080820578
3975,12.4363669645
3976,12.3303351688
3977,12.1680358353
3978,12.0703254706
3979,11.9689105453
3980,11.846115406
3981,11.8490773051
3982,11.8091540775
3983,11.7988255871
3984,11.7458501561
3985,11.815060131
3986,11.7297107105
3987,11.7201841912
3988,11.6901896661
3989,11.6471614737
3990,11.6508017805
3991,11.653714845
3992,11.6340657848
3993,11.7018857028
3994,11.7502556758
3995,11.7348435817
3996,11.7018857028
3997,11.6122723492
3998,11.518304896
3999,11.5507457271
4000,11.5753171597
4001,11.5478584016
4002,11.5767641647
4003,11.6122723492
4004,11.6282502059
4005,11.6413393486
4006,11.6500736281
4007,11.5818301072
4008,11.6420669551
4009,11.6369746648
4010,11.663916308
4011,11.663187336
4012,11.663916308
4013,11.5796587176
4014,11.5832779264
4015,11.6100952522
4016,11.7216493058
4017,11.7988255871
4018,11.8727991737
4019,11.9547058997
4020,12.0078727839
4021,12.1081042363
4022,12.133861315
4023,12.2519793068
4024,12.2726719764
4025,12.2061204235
4026,12.1596731857
4027,12.1741213745
4028,12.1680358353
4029,12.1718389407
4030,12.1497974638
4031,12.0801365953
4032,12.0462089442
4033,12.0349209154
4034,12.0673082664
4035,12.0522335547
4036,12.0146291124
4037,11.9921227891
4038,11.9778905953
4039,11.9951211946
4040,12.0462089442
4041,12.0718343556
4042,12.0620299738
4043,12.0409398805
4044,12.0952462076
4045,12.1126456268
4046,12.1969692653
4047,12.222915383
4048,12.1467603941
4049,12.2297927069
4050,12.1687963613
4051,12.2030692748
4052,12.1050775886
4053,12.1581533215
4054,12.00412091
4055,11.916660941
4056,11.9308203814
4057,11.8720571469
4058,11.8342752117
4059,11.8772523083
4060,11.8861635888
4061,11.9069825864
4062,11.9569476172
4063,11.9868773829
4064,12.0349209154
4065,12.028153176
4066,12.0168820666
